Month,Year,PercentOccurrence,Period,Site,DeviceType
November,2014,14,1,A-7M,Archival
December,2014,43,1,A-7M,Archival
January,2015,88,1,A-7M,Archival
February,2015,100,1,A-7M,Archival
March,2015,50,1,A-7M,Archival
April,2015,29,1,A-7M,Archival
May,2015,0,1,A-7M,Archival
June,2015,0,1,A-7M,Archival
July,2015,29,1,A-7M,Archival
August,2015,0,1,A-7M,Archival
September,2015,0,1,A-7M,Archival
October,2015,0,1,A-7M,Archival
November,2015,63,1,A-7M,Archival
December,2015,38,1,A-7M,Archival
January,2016,57,1,A-7M,Archival
February,2016,75,1,A-7M,Archival
March,2016,100,1,A-7M,Archival
April,2016,50,1,A-7M,Archival
May,2016,0,1,A-7M,Archival
June,2016,0,1,A-7M,Archival
July,2016,0,1,A-7M,Archival
August,2016,0,1,A-7M,Archival
September,2016,0,1,A-7M,Archival
October,2016,0,1,A-7M,Archival
November,2016,29,1,A-7M,Archival
December,2016,50,1,A-7M,Archival
January,2017,50,1,A-7M,Archival
February,2017,0,1,A-7M,Archival
March,2017,25,1,A-7M,Archival
April,2017,29,1,A-7M,Archival
May,2017,25,1,A-7M,Archival
June,2017,14,1,A-7M,Archival
July,2017,0,1,A-7M,Archival
August,2017,13,1,A-7M,Archival
September,2017,0,1,A-7M,Archival
October,2017,13,1,A-7M,Archival
November,2017,0,1,A-7M,Archival
May,2021,0,2,RTWB,Real Time
June,2021,3,2,RTWB,Real Time
July,2021,0,2,RTWB,Real Time
August,2021,0,2,RTWB,Real Time
September,2021,3,2,RTWB,Real Time
October,2021,0,2,RTWB,Real Time
November,2021,3,2,RTWB,Real Time
December,2021,23,2,RTWB,Real Time
January,2022,35,2,RTWB,Real Time
February,2022,14,2,RTWB,Real Time
March,2022,6,2,RTWB,Real Time
April,2022,0,2,RTWB,Real Time
May,2022,0,2,RTWB,Real Time
June,2022,0,2,RTWB,Real Time
July,2022,0,2,RTWB,Real Time
August,2022,0,2,RTWB,Real Time
September,2022,3,2,RTWB,Real Time
October,2022,0,2,RTWB,Real Time
November,2022,13,2,RTWB,Real Time
December,2022,19,2,RTWB,Real Time
January,2023,35,2,RTWB,Real Time
February,2023,68,2,RTWB,Real Time
March,2023,39,2,RTWB,Real Time
April,2023,0,2,A-7M,Archival
April,2023,3,2,RTWB,Real Time
May,2023,0,2,A-7M,Archival
May,2023,0,2,RTWB,Real Time
June,2023,0,2,A-7M,Archival
June,2023,0,2,RTWB,Real Time
July,2023,0,2,A-7M,Archival
July,2023,0,2,RTWB,Real Time
August,2023,0,2,A-7M,Archival
August,2023,0,2,RTWB,Real Time
September,2023,0,2,A-7M,Archival
September,2023,0,2,RTWB,Real Time
October,2023,0,2,A-7M,Archival
October,2023,0,2,RTWB,Real Time
November,2023,7,2,A-7M,Archival
November,2023,3,2,RTWB,Real Time
December,2023,45,2,A-7M,Archival
December,2023,32,2,RTWB,Real Time
January,2024,94,2,A-7M,Archival
January,2024,74,2,RTWB,Real Time
February,2024,28,2,A-7M,Archival
February,2024,28,2,RTWB,Real Time
March,2024,45,2,A-7M,Archival
March,2024,26,2,RTWB,Real Time
April,2024,12,2,A-7M,Archival
April,2024,17,2,RTWB,Real Time
May,2024,3,2,RTWB,Real Time
June,2024,0,2,RTWB,Real Time
July,2024,0,2,RTWB,Real Time
October,2024,0,2,RTWB,Real Time
November,2024,3,2,RTWB,Real Time
December,2024,29,2,RTWB,Real Time